domain,sig_dns,sig_meta_json,sig_html,sig_headers,signal_count,is_shopify,store_state,home_status,final_url,fetch_error,meta_name,meta_city,meta_province,meta_country,meta_currency,meta_domain,meta_myshopify_domain,meta_description,meta_published_products_count,india_score,india_verdict,india_evidence,primary_domain,edge_reason
aeliyamarinetech.com,True,True,True,True,4,True,live,200,https://aeliyamarinetech.com/,,Aeliya Marine Tech,Bhavnagar,Gujarat,IN,USD,aeliyamarinetech.com,2c5f32-3.myshopify.com,"Explore excellence in sourcing for marine, electronics, and industrial automation parts. Our tailored solutions meet diverse needs in a one-stop experience.",25001.0,4,indian,meta.json country=IN; state=Gujarat,aeliyamarinetech.com,registered in India but sells in USD (likely exports)
amantelingerie.in,True,True,True,True,4,True,live,200,https://www.amantelingerie.in/,,Amante,Bambalapitiya,,LK,INR,www.amantelingerie.in,amanteindia.myshopify.com,"Discover lingerie for women at amanté, the best lingerie brand in India, offering all types of lingerie at best price. Shop premium-quality bras, panties, camisoles & more for all occasions. ✯ COD ✯ Shipping Across India ✯ Easy Returns ✯ Upto 50% Off",1428.0,3,borderline,currency=INR; .in domain; registered in LK,amantelingerie.in,registered in LK but sells in INR
blinglane.com,True,True,True,True,4,True,live,200,https://blinglane.com/,,Blinglane,Toronto,Ontario,CA,INR,blinglane.com,grsrp8-bj.myshopify.com,Discover the finest minimal 925 sterling silver jewellery and fashion accessories at Blinglane India online website 🤩 Elegant imported jewellery for every day wear ✔Premium quality ✔Free shipping ✔Skin safe,465.0,2,borderline,currency=INR; registered in CA,blinglane.com,registered in CA but sells in INR
boseindia.com,True,True,True,True,4,True,live,200,https://www.boseindia.com/,,Nexxbase | Bose Authorized Distributor,,,IN,INR,www.boseindia.com,3ha1fb-01.myshopify.com,"The official Bose reseller website by Nexxbase Marketing Private limited. Shop for bose headphones, speakers, wearables and soundbars online in India.",29.0,5,indian,meta.json country=IN; currency=INR,boseindia.com,registered in India but no Indian state in meta.json
eduyush.com,True,True,True,True,4,True,live,200,https://eduyush.com/,,Eduyush,Cherrybrook,New South Wales,AU,INR,eduyush.com,eduyush.myshopify.com,"Official BPP, ACCA, Surgent and AICPA partner. ACCA, EA, CIA, CISA, US CPA, CMA and IFRS — priced in your currency, mentored by people who passed. Serving 45+ countries since 2020.",155.0,2,borderline,currency=INR; registered in AU,eduyush.com,registered in AU but sells in INR
g3fashion.com,True,True,True,True,4,True,live,200,https://g3fashion.com/,,G3+Fashion,Surat,Gujarat,IN,USD,g3fashion.com,86tk9q-h9.myshopify.com,"Buy Indian ethnic wear online. Get ready-to-wear sarees, salwar suits, lehengas, sherwanis, Indo westerns, kurta pajamas & kidswear delivered worldwide from India.",11256.0,4,indian,meta.json country=IN; state=Gujarat,g3fashion.com,registered in India but sells in USD (likely exports)
kalkifashion.com,True,True,True,True,4,True,live,200,https://www.kalkifashion.com/,,KALKI Fashion USA ,Mumbai,Maharashtra,IN,USD,www.kalkifashion.com,us-kalkifashion.myshopify.com,"Shop premium Indian ethnic wear for the entire family at KALKI Fashion. Discover designer clothing for women, men & kids, plus curated accessories. Shop online!",10120.0,4,indian,meta.json country=IN; state=Maharashtra,kalkifashion.com,registered in India but sells in USD (likely exports)
nuskhebyparas.com,True,True,True,True,4,True,live,200,https://nuskhebyparas.com/,,nuskhebyparas,,,IN,INR,nuskhebyparas.com,472d21.myshopify.com,"Hi, I'm Paras! I've Studied Ayurveda For Years To Bring You The Best In Skincare From India. The World Looks Up To Our Vedas For Inspiration. Nuskhe by Paras Brings You Ancient Ayurvedic Goodness Fused With Modern Science. Skin Care At Its Purest For Flawless Looking Skin, Healthy Hair & Your Well being. ",821.0,5,indian,meta.json country=IN; currency=INR,nuskhebyparas.com,registered in India but no Indian state in meta.json
starquik.com,True,True,True,True,4,True,live,200,https://www.starquik.com/,,Starquik,,,IN,INR,www.starquik.com,starquik.myshopify.com,,25001.0,5,indian,meta.json country=IN; currency=INR,starquik.com,registered in India but no Indian state in meta.json
