domain,is_shopify,is_indian,expected_state
plumgoodness.com,yes,yes,Maharashtra
bombayshavingcompany.com,yes,yes,Haryana
sugarcosmetics.com,yes,yes,Maharashtra
snitch.co.in,yes,yes,Karnataka
mcaffeine.com,yes,yes,Maharashtra
beardo.in,yes,yes,Gujarat
bummer.in,yes,yes,Gujarat
nicobar.com,yes,yes,Delhi
chumbak.com,yes,yes,Karnataka
boat-lifestyle.com,yes,yes,Maharashtra
gymshark.com,yes,no,
allbirds.com,yes,no,
colourpop.com,yes,no,
kyliecosmetics.com,yes,no,
fashionnova.com,yes,no,
flipkart.com,no,yes,
myntra.com,no,yes,
nykaa.com,no,yes,
ajio.com,no,yes,
tatacliq.com,no,yes,
