rank,domain_url,meta_json_url,store_name,email,phone,instagram,logo_url,tagline,category,state,ok_shopify,ok_indian,ok_email,ok_phone,ok_social,ok_logo,ok_tagline,ok_category,ok_state,notes
2,https://nveda.in,https://nveda.in/meta.json,Nveda,info@nveda.in,+918071175544,https://www.instagram.com/nveda.shop,https://nveda.in/cdn/shop/files/nveda_logo.png?v=1709719037&width=400,"Ayurvedic & nutritional supplements for joint health, PCOD, sugar management & energy. 100K+ ratings. Free doctor consultation. Free shipping on prepa",Health & Wellness,Karnataka (Bengaluru),,,,,,,,,,
27,https://dreamjwell.com,https://dreamjwell.com/meta.json,dreamjwell,priya@dreamjwell.com,+918548828550,https://instagram.com/dreamjwell,https://dreamjwell.com/cdn/shop/files/logo_-_500px_x_500px_-_white_bg.png?v=1731556619&width=500,"Dreamjwell: Temple, Kemp, CZ & AD fashion jewelry sets. Shop exquisite Necklaces, Earrings, Bangles, Maang Tikkas, and Rings. Worldwide shipping!",Jewellery & Accessories,Karnataka (Bangalore),,,,,,,,,,
57,https://karmikh.com,https://karmikh.com/meta.json,karmikh,admin@karmikh.com,+919431620315,https://www.instagram.com/karmikh_official,https://karmikh.com/cdn/shop/files/logo.png?v=1715019499&width=500,"Buy soft cotton newborn outfits , personalized baby rompers, custom infant wear & adorable family twinning sets that make every milestone special . Ge",Baby & Kids,Karnataka ( Bengaluru),,,,,,,,,,
83,https://fazyo.com,https://fazyo.com/meta.json,Fazyo,customerservice@fazyo.com,+919207188000,https://www.instagram.com/fazyofashion,https://fazyo.com/cdn/shop/files/Fazyo_Logo_d205138f-baeb-493c-9561-f847a4a9068a.jpg?v=1753767700&width=3300,"Stop scrolling, start wearing. Fazyo brings you the latest streetwear and fashion trends that match your vibe. Shop now and own your look.",Apparel & Fashion,Kerala (Thrissur),,,,,,,,,,
93,https://booksandyou.in,https://booksandyou.in/meta.json,Books and You,info@booksandyou.in,+919811743904,http://instagram.com/booksandyou_ind,https://booksandyou.in/cdn/shop/files/logo-final_R_Cropped.png?v=1692436819&width=500,"Discover Books and You, India’s top online bookstore for new & second-hand books. Explore a vast selection, comics & more with doorstep delivery & fre",Books & Stationery,Telangana (Hyderabad),,,,,,,,,,
104,https://newjaisa.com,https://newjaisa.com/meta.json,Newjaisa,business@newjaisa.com,+919535698866,https://www.instagram.com/newjaisa,https://newjaisa.com/cdn/shop/files/logo_white_530222c4-f905-44fc-8dfc-64a729b4e989.png?v=1738391131&width=200,"Shop quality-checked refurbished laptops, desktops, and more at NewJaisa. Save big with warranty, fast delivery, and a smart choice for your tech need",Electronics & Gadgets,Karnataka (Bangalore),,,,,,,,,,
124,https://bhavanahandlooms.in,https://bhavanahandlooms.in/meta.json,Bhavana Handlooms,support@bhavanahandlooms.in,+918341644907,https://www.instagram.com/mana.handloomsarees,https://www.bhavanahandlooms.in/cdn/shop/collections/Black_Gold_Luxury_Initial_Jewelry_Shop_Logo_1.png?crop=center&height=300&v=1789642479&width=300,"Buy premium cotton dresses, handloom frocks, ethnic wear, and designer collections at Bhavana Handlooms. Quality handcrafted dresses for women. Best i",Apparel & Fashion,Andhra Pradesh (Chilakaluripet ),,,,,,,,,,
133,https://teenbaan.com,https://teenbaan.com/meta.json,Teenbaan,contact@teenbaan.com,+917619407601,https://www.instagram.com/teenbaan_shopping,https://teenbaan.com/cdn/shop/files/T_2.png?v=1756814170&width=500,"Shop trendy, comfortable women’s footwear at Teenbaan – sandals, clogs,slippers ,Flip flops & shoes from ₹299. Stylish, affordable & free shipping onl",Footwear,Karnataka (Bangalore),,,,,,,,,,
135,https://fmcgcart.com,https://fmcgcart.com/meta.json,FMCGCart,care@fmcgcart.com,+918595561500,https://instagram.com/fmcgcart,https://fmcgcart.com/cdn/shop/files/Logo-1024x201-2.png?v=1700305305&width=100,Welcome to FMCGCart (https://fmcgcart.com)FMCGCart is a venture of Light Wings Online Shopping Private Limited. We are a e-Commerce company based in N,Beauty & Personal Care,Delhi (New Delhi),,,,,,,,,,
146,https://dharishahayurveda.com,https://dharishahayurveda.com/meta.json,Dharishah Ayurveda,care@dharishahayurveda.com,+917404344408,https://www.instagram.com/dharishah.ayurveda,https://dharishahayurveda.com/cdn/shop/files/dharishah-logo_1.svg?v=1705642253&width=500,"Dharishah Ayurveda offers premium Ayurvedic medicines online, backed by 135+ years of expertise in crafting natural and effective health remedies. Buy",Health & Wellness,Haryana (Ambala Cantt),,,,,,,,,,
160,https://uniqkart.in,https://uniqkart.in/meta.json,UNIQKART,support@uniqkart.in,+914214102307,https://www.instagram.com/uniqkart_in,https://www.uniqkart.in/cdn/shop/files/uniqkart_logo_big_new_original1_145x@2x.png?v=1692708561,"Our Story Founded in 2021 by UNIQZONE, Uniqkart was born out of a passion for bringing high-quality, unique, and innovative imported products to custo",Electronics & Gadgets,Tamil Nadu (COIMBATORE),,,,,,,,,,
174,https://flyo.shoes,https://flyo.shoes/meta.json,Flyo Shoes,customercare@flyo.shoes,+911294032572,https://instagram.com/flyoshoes,https://flyo.shoes/cdn/shop/files/flyo_logo.png?v=1732182462&width=140,"Explore shoes online for men, women, and kids at FLYO. Shop casual, sports, formal, adventure and school styles with shipping across India.",Footwear,Haryana (Gurugram),,,,,,,,,,
238,https://lostmybuds.com,https://lostmybuds.com/meta.json,Lost my buds,lostmybudscustomersupport@gmail.com,+918860026120,https://www.instagram.com/lostmybuds,https://lostmybuds.com/cdn/shop/files/20260109_141242.png?v=1767948218&width=400,"Shop original-quality earbuds replacement parts at LostMyBuds. Buy single buds, charging cases, and ear tips for OnePlus, Realme, Boat, JBL & more. Fa",Electronics & Gadgets,Uttar Pradesh (Ghaziabad),,,,,,,,,,
247,https://nangaliaruchira.com,https://nangaliaruchira.com/meta.json,Nangaliaruchira,care@nangaliaruchira.com,+917726960701,https://www.instagram.com/nangaliaruchira,https://www.nangaliaruchira.com/cdn/shop/files/NR-logo.png?v=1764304389&width=962,"Nangalia Ruchira: India’s top plus-size clothing online store. Explore stylish, comfortable & 100% cotton dresses, tops & bottoms in western and ethni",Apparel & Fashion,Rajasthan (Jaipur),,,,,,,,,,
252,https://tresmode.com,https://tresmode.com/meta.json,Tresmode,customercare@tresmode.com,+918069181000,https://www.instagram.com/tresmode,https://www.tresmode.com/cdn/shop/files/Tresmode_Logo_140x_be971cec-c249-4f88-8846-e06a8a584046_140x.png?v=1693308843,"Premium footwear for men and women only at Tresmode. Find the perfect pair of sneakers, sandals, flats and more at our online or retail stores, across",Footwear,Maharashtra (Mumbai),,,,,,,,,,
263,https://houseofbeautyindia.com,https://houseofbeautyindia.com/meta.json,House Of Beauty India,customercare@houseofbeautyindia.com,+919810657886,https://www.instagram.com/houseofbeautyindia,https://houseofbeautyindia.com/cdn/shop/files/Primary_Logo_-_White.png?v=1727241167&width=1647,"Select from wide range of Skincare products (Haircare, Serums & Creams, Bodycare, Face Tools (Face Massager, Derma Rollers, LED Masks, Guasha, Face Ro",Beauty & Personal Care,Haryana (Gurgaon),,,,,,,,,,
276,https://aykaa.in,https://aykaa.in/meta.json,aykaa,support@aykaa.in,+919773368504,https://www.instagram.com/aykaa_jpr,https://aykaa.in/cdn/shop/files/logo.webp?v=1788858371&width=3891,"aykaa — premium ethnic wear for women: designer suit sets, co-ord sets & occasion wear crafted in India. Free delivery, COD available & 5-day easy exc",Apparel & Fashion,Rajasthan (Jaipur),,,,,,,,,,
291,https://submarinepens.com,https://submarinepens.com/meta.json,Submarine Pens,online@submarinepens.co.in,+919967158178,https://www.instagram.com/submarine_pens,https://www.submarinepens.com/cdn/shop/files/Logo_animation_1.gif?v=1721299173&width=330,Looking to buy the best pens for writing online in India? Discover the finest writing and top-rated pens at Submarine Pens. Shop your favorites now!,Books & Stationery,Maharashtra (Palghar),,,,,,,,,,
350,https://ananthamsilks.com,https://ananthamsilks.com/meta.json,Anantham Silks,estore@ananthamsilks.com,+918925990171,https://www.instagram.com/ananthamsilks,https://ananthamsilks.com/cdn/shop/files/anan_logo_1.png?v=1785913044&width=500,"Discover Anantham Silks, where we blend tradition and style in Indian sarees, preserving heritage while embracing innovative designs for every occasio",Apparel & Fashion,Tamil Nadu (Ramanathapuram),,,,,,,,,,
432,https://infinixmobiles.in,https://infinixmobiles.in/meta.json,Infinix Mobiles,infinix.smd@transsion.com,+9118004190525,https://www.instagram.com/infinixindia,https://infinixmobiles.in/cdn/shop/files/logo.png?v=1738315328&width=327,"Discover the innovative world of Infinix and shop everything MOBILE, plus explore accessories, entertainment, and expert device support",Electronics & Gadgets,Delhi (Delhi),,,,,,,,,,
440,https://sparify.co,https://sparify.co/meta.json,SPARIFY,support@sparify.co,+918105003848,https://www.instagram.com/sparify_,https://www.sparify.co/cdn/shop/files/sparify_trademark_logo.png?v=1779569345&width=500,Find the perfect bike accessories & performance parts online! Shop our wide selection for any bike brand. Upgrade your ride today. Fast shipping & eas,Automotive,Karnataka (Bengaluru),,,,,,,,,,
473,https://silverfied.in,https://silverfied.in/meta.json,Silverfied,support@silverfied.in,+919811945925,https://www.instagram.com/silverfied,https://www.silverfied.in/cdn/shop/files/main-logo.svg?v=1749719008&width=157,"925 Silver jewelery for your piercings. Earrings for all the piercings, easy to wear, skin friendly, fairly priced and anti tarnish. Hypoallergenic an",Jewellery & Accessories,Delhi (New Delhi),,,,,,,,,,
511,https://outcasts.in,https://outcasts.in/meta.json,OUTCAST,support@outcasts.in,+919667752922,https://www.instagram.com/outcast_india,https://outcasts.in/cdn/shop/files/logo_outcast_1.png?v=1735300677&width=520,"Discover the latest in women’s fashion at OUTCAST! Shop stylish western dresses, bold tops, club party outfits, winter wear, and everything to stay on",Apparel & Fashion,Uttar Pradesh (Uttar pradesh),,,,,,,,,,
554,https://trymoody.com,https://trymoody.com/meta.json,Moody Store,care@trymoody.com,+919303873114,https://www.instagram.com/try.moody,https://trymoody.com/cdn/shop/files/Moody_R_ogo.png?v=1734433795&width=923,Want to unlock brighter and healthier skin? Vitamin C is the key. Our Vibran-C range ensures your skin doesn’t have to strive hard to be in its best m,Beauty & Personal Care,Chhattisgarh (Raipur),,,,,,,,,,
578,https://verymiss.in,https://verymiss.in/meta.json,Verymiss ,support@verymiss.in,+919028832835,https://www.instagram.com/verymiss.cosmetics,https://verymiss.in/cdn/shop/files/New_Logo_2.png?v=1713353484&width=500,"A Legacy of Beauty: The Rise of Verymiss Cosmetics Personifying Beauty Since 2015 Verymiss Cosmetics, At the heart of India's iconic beauty and cosmet",Beauty & Personal Care,Maharashtra (Boisar),,,,,,,,,,
579,https://femmella.com,https://femmella.com/meta.json,FEMMELLA,info@femmella.com,+919212359073,https://www.instagram.com/femmellaofficial,https://www.femmella.com/cdn/shop/files/Femmella_Primary_Logo_250x.svg?v=1766040761,"Femmella - Stylish, affordable fashion for modern women. Discover dresses, co-ords, and tops in inclusive sizes. Free shipping & easy returns",Apparel & Fashion (Women),Haryana (Gurgaon),,,,,,,,,,
591,https://adro.in,https://adro.in/meta.json,ADRO Fashion,info@adro.in,+919741430033,https://www.instagram.com/adroindia,https://adro.in/cdn/shop/files/Logo_PNG_copy_145e974a-9025-4a01-a959-2fae5cc24f65.png?v=1776518311,Elevate your style with Adro's trendy t-shirts and sweatshirts. Discover unique designs and quality fabrics for fashion-forward individuals. Shop now!,Apparel & Fashion (Men),Karnataka (Bangalore),,,,,,,,,,
598,https://onesciencenutrition.in,https://onesciencenutrition.in/meta.json,onesciencenutrition,help@onesciencenutrition.in,+918799768366,https://www.instagram.com/one.science.nutrition.in,https://onesciencenutrition.in/cdn/shop/files/logo_2.png?v=1787253115&width=200,"Shop premium whey protein, pre-workout & BCAA supplements for muscle gain, weight loss & strength. Fast Pan-India delivery in 2-3 days. Free shaker & ",Health & Wellness,Delhi (New Delhi),,,,,,,,,,
599,https://saicreationswatches.com,https://saicreationswatches.com/meta.json,Sai Creations Watches,support@saicreationswatches.com,+917011138012,https://www.instagram.com/saicreations.watches,https://saicreationswatches.com/cdn/shop/files/Logo_2.png?v=1772691182&width=500,"Shop authentic branded watches online at Sai Creations. Free shipping, full warranty & GST invoice. Best prices on Rado, Tissot, Citizen, Casio, Timex",Jewellery & Accessories,Uttar Pradesh (Ghaziabad),,,,,,,,,,
608,https://forevernew.co.in,https://forevernew.co.in/meta.json,Forever New,wecare@forevernew.in,+9118002033006,https://www.instagram.com/forevernew_india,https://www.forevernew.co.in/cdn/shop/files/FN_logo_Mel-_Black.png?v=1781595026&width=1000,"Forever New is a western wear clothing brand for Women in India. Shop now and get the latest collection for Dresses, Tops, Coats & Fashion Accessories",Apparel & Fashion,Haryana (Gurugram),,,,,,,,,,
622,https://balajiwafers.com,https://balajiwafers.com/meta.json,Balaji Wafers,contact@balajiwafers.com,+912812783755,https://www.instagram.com/balajiwafers,https://www.balajiwafers.com/cdn/shop/files/Logo.svg?v=1737622716&width=500,"Explore iconic Indian snacks made with love, tradition, and unmatched crunch.",Food & Beverages,Gujarat (Rajkot),,,,,,,,,,
699,https://chinayabanaras.com,https://chinayabanaras.com/meta.json,Chinaya Banaras,chinayaonline@gmail.com,+917705012088,https://www.instagram.com/chinayabanaras,https://www.chinayabanaras.com/cdn/shop/files/new_bold_logo_chinaya_6cfb2a9f-ad7b-4a92-ba55-4721832838ed_120x.png?v=1654156278,"Shop authentic Banarasi sarees handcrafted in Varanasi. Discover wedding, festive and occasion-ready styles loved by modern women.",Apparel & Fashion,Uttar Pradesh (Varanasi),,,,,,,,,,
706,https://aegte.in,https://aegte.in/meta.json,Aegte Lifescience,support@aegte.in,+919311721999,https://www.instagram.com/aegteofficial,https://www.aegte.in/cdn/shop/files/Aegte_Logo_Transparent_Background.jpg?v=1780133412&width=1080,"Aegte is one of the best natural & organic beauty products brand in India which offers a premium quality range of cosmetics, skin care, hair care & bo",Beauty & Personal Care,Haryana (Gurgaon),,,,,,,,,,
747,https://case24x7.com,https://case24x7.com/meta.json,Case24x7.com,hicase24x7@gmail.com,+918097493989,https://www.instagram.com/case24x7,https://www.case24x7.com/cdn/shop/files/png_logo.avif?v=1783333518&width=900,Get 100% Premium Phone Case home delivered. We offer safe & fast shipping across India. Get best deals on Phone Covers throughout the year. Find best ,Electronics & Gadgets,Maharashtra (Mumbai),,,,,,,,,,
755,https://barksandwags.in,https://barksandwags.in/meta.json,Barks & Wags,info@barksandwags.in,+919133323058,https://www.instagram.com/barksnwags,https://barksandwags.in/cdn/shop/files/bark_logo.webp?v=1706784836&width=500,"We have amazing collection of dresses for dogs. Premium and high quality dog clothing. We have bandanas for dogs, skirts for dogs, dog jacket, tuxedos",Pet Supplies,Haryana (Karnal),,,,,,,,,,
785,https://scentoria.co.in,https://scentoria.co.in/meta.json,Scentoria,info@scentoria.co.in,+919522828952,https://instagram.com/scentoria_,https://scentoria.co.in/cdn/shop/files/Zoologist-Logo.png?v=1709569002&width=533,Welcome to India's leading destination for niche fragrances.,Beauty & Personal Care,Maharashtra (Thane),,,,,,,,,,
813,https://crazymonk.in,https://crazymonk.in/meta.json,Crazymonk,support@crazymonk.in,+919363807979,https://www.instagram.com/crazymonkofficial,https://crazymonk.in/cdn/shop/files/New-Logo-2024-s4.webp?v=1714044239&width=1080,Crazymonk is an Online Shopping Site for Men & Women Fashion wears. Choose and Buy from the best in class Men and Women clothing's.,Apparel & Fashion (Men),Tamil Nadu (Tiruppur),,,,,,,,,,
821,https://taractara.com,https://taractara.com/meta.json,Tara-C-Tara,%20support@taractara.com,+919929767621,https://www.instagram.com/tara_c_tara,https://taractara.com/cdn/shop/files/TaraCTara-Logo_140x70_126a7502-be7c-4b0a-8acf-b2002506c62d_584x.png?v=1668512124,Elevate your ethnic wardrobe with Tara C Tara. Shop online for exclusive designer ethnic dresses for women crafted with rich fabrics and fine detailin,Apparel & Fashion,Rajasthan (Jaipur),,,,,,,,,,
828,https://healthyhey.com,https://healthyhey.com/meta.json,HealthyHey,info@healthyhey.com,+917303030101,https://www.instagram.com/healthyheynutrition,https://cdn.shopify.com/s/files/1/2181/1153/files/HealthyHey_Logo_copy_86173c7f-c162-48ef-9240-06fa82fed1ce.jpg?v=1780889714,"Discover our wide range of top-quality supplements in India. Shop sports nutrition, vitamins, minerals, herbal extracts, and more for your health need",Health & Wellness,Maharashtra (Mumbai),,,,,,,,,,
862,https://thesagacity.in,https://thesagacity.in/meta.json,Sagacity ,support@thesagacity.in,+919310521716,https://www.instagram.com/sagacityofficial,https://thesagacity.in/cdn/shop/files/brigend-sagacity-logo-white-2048x169_f5955a13-1d1b-45e3-8218-4c4cce88e142.png?v=1739011596&width=135,"Our story About our journey OKonnichiwa Weebs! Who we are? What we do? Well, we are a trio of otakus who love watching animes and create artistic piec",Apparel & Fashion,Delhi (New delhi),,,,,,,,,,
870,https://slovic.com,https://slovic.com/meta.json,Slovic,care@slovicfitness.com,+919582500791,https://www.instagram.com/slovicfitness,https://slovic.com/cdn/shop/files/logo_a4a29fe2-726b-411c-8978-84f0988cdbec.jpg?format=webp&v=1638763178&width=350,"We are committed to provide you the best fitness products, that will help you achieve your fitness goals.",Sports & Fitness,Haryana (Gurugram),,,,,,,,,,
922,https://cobbitaly.com,https://cobbitaly.com/meta.json,Cobbitalyofficial,care@cobbitaly.com,+919717147476,https://www.instagram.com/cobbfashion,https://cobbitaly.com/cdn/shop/files/COBB_LOGO_c9855142-3b9e-4fc0-a06f-4dc5604f0b28.png?v=1783661500&width=440,"""The Ultimate Men's Clothing Brand: Unmatched Discounts and Luxurious Fabrics.Shop Now to Upgrade Your Wardrobe with Exclusive Deals and Embrace the F",Apparel & Fashion,Delhi (New Delhi),,,,,,,,,,
925,https://thegoodbug.com,https://thegoodbug.com/meta.json,thegoodbug,tgb@seventurns.in,+918939997071,https://www.instagram.com/thegoodbug_,https://thegoodbug.com/cdn/shop/files/TGB_Logo_1_60191926-31a9-40fe-82fc-d57664b5c2f0.svg?v=1781256231&width=842,The Good Bug is a daily synbiotic supplement that contains clinically researched probiotic strains. prebiotics and nutrients designed to not only supp,Health & Wellness,Maharashtra (Mumbai),,,,,,,,,,
935,https://thefashioncapital.in,https://thefashioncapital.in/meta.json,Fashion Capital,fcsupport@thefashioncapital.in,+918302232207,https://www.instagram.com/fashioncapital.in_,https://thefashioncapital.in/cdn/shop/files/logo.png?v=1762701748&width=500,"Fashion Capital is a Jaipur-based fusion wear brand blending Indian elegance with modern silhouettes. Explore designer kurtis, Pakistani styles, and e",Apparel & Fashion,Rajasthan (Jaipur),,,,,,,,,,
936,https://zivanche.com,https://zivanche.com/meta.json,Zivanche,support@zivanche.com,+917965801870,https://www.instagram.com/zivanche,https://zivanche.com/cdn/shop/files/zivanche-logo.png?v=1788776239&width=600,"Shop premium Swiss luxury watches for men and women at Zivanche. Discover our exclusive collection of automatic, tourbillon, and designer timepieces c",Jewellery & Accessories,Punjab (Mohali),,,,,,,,,,
948,https://tilfi.com,https://tilfi.com/meta.json,Tilfi,banaras@tilfi.com,+917303741333,https://www.instagram.com/tilfi_banaras,https://tilfi.com/cdn/shop/files/TILFI_Logo_standard-_cropped_1600x.png?v=1683886030,"The makers of the finest Banarasi handloom saris, dupattas and lehengas today. Shop our weaves in pure silk, cotton, koras, georgettes and more online",Apparel & Fashion,Uttar Pradesh (Varanasi),,,,,,,,,,
981,https://cureveda.com,https://cureveda.com/meta.json,Cureveda,info@cureveda.com,+919691997997,https://www.instagram.com/curevedaremedies,https://www.cureveda.com/cdn/shop/files/logo_fea5eacc-99d3-464f-b814-8af6b2aac4a8.png?v=1705557999&width=250,"Cureveda offers plant-based herbal supplements crafted with potent herbs for immunity, hair health, stress relief, and more. Embrace natural healing w",Health & Wellness,Maharashtra (Nagpur ),,,,,,,,,,
991,https://linkcart.in,https://linkcart.in/meta.json,Link Locks Pvt. Ltd.,support@linklocks.com,+9118005474559,https://www.instagram.com/linklocksindia,https://www.linkcart.in/cdn/shop/files/link_logo_1.png,"Shop for durable Digital locks, bedroom door locks, and padlocks online. Find the perfect security solution for your home and bike at our online lock ",Locks,Uttar Pradesh (Aligarh),,,,,,,,,,
998,https://solacegears.com,https://solacegears.com/meta.json,Solace International,support@solacegears.com,+919686636166,https://www.instagram.com/SOLACEGEARS,https://solacegears.com/cdn/shop/files/Solace_Logo.png?v=1761628863&width=460,"Solace Official - Premium Motorcycle Stores - Riding Jackets, Motorcycle Pants, Biker Gloves, Saddlebags, Tankbags, Tailbags.",Apparel & Fashion,Karnataka (Bengaluru),,,,,,,,,,
999,https://crafterscorner.in,https://crafterscorner.in/meta.json,CRAFTERS CORNER,info@crafterscorner.in,+917678162229,https://instagram.com/crafterscornerindia,https://www.crafterscorner.in/cdn/shop/files/CraftersCorner_1250c896-629b-4abd-873d-91327b0e19b1.png?v=1744012684&width=640,"Crafters Corner: India’s Leading Destination for Craft Supplies! Shop high-quality materials for papercrafts, DIY projects, and more at the best price",Art & Craft,Delhi (Delhi),,,,,,,,,,
